id,mode,seed,target,sampler,steps,expected_evaluations,prediction_calls,dit_calls,sampling_seconds,peak_gpu_gib,latent,png
same_steps_seed-1113280783077048_target-30_euler,same_steps,1113280783077048,30,euler,30,30,30,60,73.3646,4.205,same_steps_seed-1113280783077048_target-30_euler.pt,same_steps_seed-1113280783077048_target-30_euler.png
same_steps_seed-1113280783077048_target-30_heun,same_steps,1113280783077048,30,heun,30,59,59,118,151.5288,4.206,same_steps_seed-1113280783077048_target-30_heun.pt,same_steps_seed-1113280783077048_target-30_heun.png
same_steps_seed-1113280783077048_target-30_euler_ancestral,same_steps,1113280783077048,30,euler_ancestral,30,30,30,60,76.8271,4.206,same_steps_seed-1113280783077048_target-30_euler_ancestral.pt,same_steps_seed-1113280783077048_target-30_euler_ancestral.png
same_steps_seed-1113280783077048_target-30_dpmpp_2m,same_steps,1113280783077048,30,dpmpp_2m,30,30,30,60,76.7982,4.206,same_steps_seed-1113280783077048_target-30_dpmpp_2m.pt,same_steps_seed-1113280783077048_target-30_dpmpp_2m.png
same_steps_seed-1113280783077048_target-30_dpmpp_2m_sde,same_steps,1113280783077048,30,dpmpp_2m_sde,30,30,30,60,90.5703,4.205,same_steps_seed-1113280783077048_target-30_dpmpp_2m_sde.pt,same_steps_seed-1113280783077048_target-30_dpmpp_2m_sde.png
same_steps_seed-1113280783077048_target-30_er_sde,same_steps,1113280783077048,30,er_sde,30,30,30,60,77.1631,4.208,same_steps_seed-1113280783077048_target-30_er_sde.pt,same_steps_seed-1113280783077048_target-30_er_sde.png
same_steps_seed-1113280783077048_target-30_exp_heun_2_x0,same_steps,1113280783077048,30,exp_heun_2_x0,30,59,59,118,151.3525,4.209,same_steps_seed-1113280783077048_target-30_exp_heun_2_x0.pt,same_steps_seed-1113280783077048_target-30_exp_heun_2_x0.png
same_steps_seed-1113280783077048_target-30_exp_heun_2_x0_sde,same_steps,1113280783077048,30,exp_heun_2_x0_sde,30,59,59,118,151.8765,4.211,same_steps_seed-1113280783077048_target-30_exp_heun_2_x0_sde.pt,same_steps_seed-1113280783077048_target-30_exp_heun_2_x0_sde.png
same_steps_seed-1113280783077048_target-30_sa_solver,same_steps,1113280783077048,30,sa_solver,30,30,30,60,77.759,4.217,same_steps_seed-1113280783077048_target-30_sa_solver.pt,same_steps_seed-1113280783077048_target-30_sa_solver.png
same_steps_seed-1113280783077048_target-30_res_multistep,same_steps,1113280783077048,30,res_multistep,30,30,30,60,76.8653,4.206,same_steps_seed-1113280783077048_target-30_res_multistep.pt,same_steps_seed-1113280783077048_target-30_res_multistep.png
same_steps_seed-1113280783077048_target-30_gradient_estimation,same_steps,1113280783077048,30,gradient_estimation,30,30,30,60,76.7062,4.207,same_steps_seed-1113280783077048_target-30_gradient_estimation.pt,same_steps_seed-1113280783077048_target-30_gradient_estimation.png
